{
  "height_kp": 7.886377342450826,
  "height_ki": 0.5011631292801424,
  "height_kd": 6.281854346104332,
  "roll_kp": 0.5834114273785317,
  "roll_ki": 4.958217971237515,
  "roll_kd": 0.020111264395006163,
  "pitch_kp": 1.7442062254360877,
  "pitch_ki": 0.03376218829632256,
  "pitch_kd": 2.7713413800138587
}