{
  "height_kp": 100.962395560374814,
  "height_ki": 0.0,
  "height_kd": 8.1738092637166575,
  "roll_kp": 0.600856607986966,
  "roll_ki": 0.0,
  "roll_kd": -0.1,
  "pitch_kp": 50.0114708799258271,
  "pitch_ki": 0,
  "pitch_kd": 1.8990306608320433
}