{
  "height_kp": 112.05607483893696,
  "height_ki": 1.3231206601751908,
  "height_kd": 14.09266287860531,
  "roll_kp": 3.600856607986966,
  "roll_ki": 0.10314962498074487,
  "roll_kd": 0.013792861414632316,
  "pitch_kp": 0.1415835489009009,
  "pitch_ki": 0.02319184022898008,
  "pitch_kd": 0.017632648760979346
}